{
  "IcoMoonType": "selection",
  "icons": [
    {
      "icon": {
        "paths": [
          "M511.999 803.854c-18.352 0-36.702-7.007-50.694-20.992l-440.297-440.301c-28.009-28.009-28.009-73.42 0-101.417 27.997-27.997 73.399-27.997 101.41 0l389.58 389.603 389.583-389.589c28.009-27.997 73.406-27.997 101.401 0 28.022 27.997 28.022 73.408 0 101.417l-440.29 440.301c-13.999 13.987-32.349 20.979-50.694 20.979z"
        ],
        "attrs": [
          {}
        ],
        "isMulticolor": false,
        "isMulticolor2": false,
        "grid": 0,
        "tags": [
          "arrow-down-sign-to-navigate"
        ]
      },
      "attrs": [
        {}
      ],
      "properties": {
        "order": 2,
        "id": 0,
        "name": "arrow-down-sign-to-navigate",
        "prevSize": 32
      },
      "setIdx": 0,
      "setId": 2,
      "iconIdx": 0
    }
  ],
  "height": 1024,
  "preferences": {
    "showGlyphs": true,
    "showQuickUse": true,
    "showQuickUse2": true,
    "showSVGs": true,
    "fontPref": {
      "prefix": "icon-",
      "metadata": {
        "fontFamily": "icomoon"
      },
      "metrics": {
        "emSize": 1024,
        "baseline": 6.25,
        "whitespace": 50
      },
      "embed": false
    },
    "imagePref": {
      "prefix": "icon-",
      "png": true,
      "useClassSelector": true,
      "color": 0,
      "bgColor": 16777215,
      "classSelector": ".icon",
      "name": "icomoon"
    },
    "historySize": 50,
    "showCodes": true,
    "gridSize": 16
  }
}